index,Invoice ID,Branch,Customer type,Gender,Product line,Unit price,Quantity,Tax 5%,Total,Payment_Method
1,750-67-8428,A,Member,Female,Health and beauty,74.69,7,26.1415,548.9715,Ewallet
2,226-31-3081,C,Normal,Female,Electronic accessories,15.28,5,3.82,80.22,Cash
3,631-41-3108,A,Normal,Male,Home and lifestyle,46.33,7,16.2155,340.5255,Credit card
4,123-19-1176,A,Member,Male,Health and beauty,58.22,8,23.288,489.048,Ewallet
5,373-73-7910,A,Normal,Male,Sports and travel,86.31,7,30.2085,634.3785,Ewallet
6,699-14-3026,C,Normal,Male,Electronic accessories,85.39,7,29.8865,627.6165,Ewallet
7,355-53-5943,A,Member,Female,Electronic accessories,68.84,6,20.652,433.692,Ewallet
8,315-22-5665,C,Normal,Female,Home and lifestyle,73.56,10,36.78,772.38,Ewallet
9,665-32-9167,A,Member,Female,Health and beauty,36.26,2,3.626,76.146,Credit card
10,692-92-5582,B,Member,Female,Food and beverages,54.84,3,8.226,172.746,Credit card
11,351-62-0822,B,Member,Female,Fashion accessories,14.48,4,2.896,60.816,Ewallet
12,529-56-3974,B,Member,Male,Electronic accessories,25.51,4,5.102,107.142,Cash
13,365-64-0515,A,Normal,Female,Electronic accessories,46.95,5,11.7375,246.4875,Ewallet
14,252-56-2699,A,Normal,Male,Food and beverages,43.19,10,21.595,453.495,Ewallet
15,829-34-3910,A,Normal,Female,Health and beauty,71.38,10,35.69,749.49,Cash
16,299-46-1805,B,Member,Female,Sports and travel,93.72,6,28.116,590.436,Cash
17,656-95-9349,A,Member,Female,Health and beauty,68.93,7,24.1255,506.6355,Credit card
18,765-26-6951,A,Normal,Male,Sports and travel,72.61,6,21.783,457.443,Credit card
19,329-62-1586,A,Normal,Male,Food and beverages,54.67,3,8.2005,172.2105,Credit card
20,319-50-3348,B,Normal,Female,Home and lifestyle,40.3,2,4.03,84.63,Ewallet
21,300-71-4605,C,Member,Male,Electronic accessories,86.04,5,21.51,451.71,Ewallet
22,371-85-5789,B,Normal,Male,Health and beauty,87.98,3,13.197,277.137,Ewallet
23,273-16-6619,B,Normal,Male,Home and lifestyle,33.2,2,3.32,69.72,Credit card
24,636-48-8204,A,Normal,Male,Electronic accessories,34.56,5,8.64,181.44,Ewallet
25,549-59-1358,A,Member,Male,Sports and travel,88.63,3,13.2945,279.1845,Ewallet
26,227-03-5010,A,Member,Female,Home and lifestyle,52.59,8,21.036,441.756,Credit card
27,649-29-6775,B,Normal,Male,Fashion accessories,33.52,1,1.676,35.196,Cash
28,189-17-4241,A,Normal,Female,Fashion accessories,87.67,2,8.767,184.107,Credit card
29,145-94-9061,B,Normal,Female,Food and beverages,88.36,5,22.09,463.89,Cash
30,848-62-7243,A,Normal,Male,Health and beauty,24.89,9,11.2005,235.2105,Cash
31,871-79-8483,B,Normal,Male,Fashion accessories,94.13,5,23.5325,494.1825,Credit card
32,149-71-6266,B,Member,Male,Sports and travel,78.07,9,35.1315,737.7615,Cash
33,640-49-2076,B,Normal,Male,Sports and travel,83.78,8,33.512,703.752,Cash
34,595-11-5460,A,Normal,Male,Health and beauty,96.58,2,9.658,202.818,Credit card
35,183-56-6882,C,Member,Female,Food and beverages,99.42,4,19.884,417.564,Ewallet
36,232-16-2483,C,Member,Female,Sports and travel,68.12,1,3.406,71.526,Ewallet
37,129-29-8530,A,Member,Male,Sports and travel,62.62,5,15.655,328.755,Ewallet
38,272-65-1806,A,Normal,Female,Electronic accessories,60.88,9,27.396,575.316,Ewallet
39,333-73-7901,C,Normal,Female,Health and beauty,54.92,8,21.968,461.328,Ewallet
40,777-82-7220,B,Member,Male,Home and lifestyle,30.12,8,12.048,253.008,Cash
41,280-35-5823,B,Member,Female,Home and lifestyle,86.72,1,4.336,91.056,Ewallet
42,554-53-8700,C,Member,Male,Home and lifestyle,56.11,2,5.611,117.831,Cash
43,354-25-5821,B,Member,Female,Sports and travel,69.12,6,20.736,435.456,Cash
44,228-96-1411,C,Member,Female,Food and beverages,98.7,8,39.48,829.08,Cash
45,617-15-4209,C,Member,Male,Health and beauty,15.37,2,1.537,32.277,Cash
46,132-32-9879,B,Member,Female,Electronic accessories,93.96,4,18.792,394.632,Cash
47,370-41-7321,B,Member,Male,Health and beauty,56.69,9,25.5105,535.7205,Credit card
48,727-46-3608,B,Member,Female,Food and beverages,20.01,9,9.0045,189.0945,Ewallet
49,669-54-1719,B,Member,Male,Electronic accessories,18.93,6,5.679,119.259,Credit card
50,574-22-5561,C,Member,Female,Fashion accessories,82.63,10,41.315,867.615,Ewallet
51,326-78-5178,C,Member,Male,Food and beverages,91.4,7,31.99,671.79,Cash
52,162-48-8011,A,Member,Female,Food and beverages,44.59,5,11.1475,234.0975,Cash
53,616-24-2851,B,Member,Female,Fashion accessories,17.87,4,3.574,75.054,Ewallet
54,778-71-5554,C,Member,Male,Fashion accessories,15.43,1,0.7715,16.2015,Credit card
55,242-55-6721,B,Normal,Male,Home and lifestyle,16.16,2,1.616,33.936,Ewallet
56,399-46-5918,C,Normal,Female,Electronic accessories,85.98,8,34.392,722.232,Cash
57,106-35-6779,A,Member,Male,Home and lifestyle,44.34,2,4.434,93.114,Cash
58,635-40-6220,A,Normal,Male,Health and beauty,89.6,8,35.84,752.64,Ewallet
59,817-48-8732,A,Member,Female,Home and lifestyle,72.35,10,36.175,759.675,Cash
60,120-06-4233,C,Normal,Male,Electronic accessories,30.61,6,9.183,192.843,Cash
61,285-68-5083,C,Member,Female,Sports and travel,24.74,3,3.711,77.931,Credit card
62,803-83-5989,C,Normal,Male,Home and lifestyle,55.73,6,16.719,351.099,Ewallet
63,347-34-2234,B,Member,Female,Sports and travel,55.07,9,24.7815,520.4115,Ewallet
64,199-75-8169,A,Member,Male,Sports and travel,15.81,10,7.905,166.005,Credit card
65,853-23-2453,B,Member,Male,Health and beauty,75.74,4,15.148,318.108,Cash
66,877-22-3308,A,Member,Male,Health and beauty,15.87,10,7.935,166.635,Cash
67,838-78-4295,C,Normal,Female,Health and beauty,33.47,2,3.347,70.287,Ewallet
68,109-28-2512,B,Member,Female,Fashion accessories,97.61,6,29.283,614.943,Ewallet
69,232-11-3025,A,Normal,Male,Sports and travel,78.77,10,39.385,827.085,Cash
70,382-03-4532,A,Member,Female,Health and beauty,18.33,1,0.9165,19.2465,Cash
71,393-65-2792,C,Normal,Male,Food and beverages,89.48,10,44.74,939.54,Credit card
72,796-12-2025,C,Normal,Male,Fashion accessories,62.12,10,31.06,652.26,Cash
73,510-95-6347,B,Member,Female,Food and beverages,48.52,3,7.278,152.838,Ewallet
74,841-35-6630,C,Normal,Female,Electronic accessories,75.91,6,22.773,478.233,Cash
75,287-21-9091,A,Normal,Male,Home and lifestyle,74.67,9,33.6015,705.6315,Ewallet
76,732-94-0499,C,Normal,Female,Electronic accessories,41.65,10,20.825,437.325,Credit card
77,263-10-3913,C,Member,Male,Fashion accessories,49.04,9,22.068,463.428,Credit card
78,381-20-0914,A,Member,Female,Fashion accessories,20.01,9,9.0045,189.0945,Credit card
79,829-49-1914,C,Member,Female,Food and beverages,78.31,10,39.155,822.255,Ewallet
80,756-01-7507,C,Normal,Female,Health and beauty,20.38,5,5.095,106.995,Cash
81,870-72-4431,C,Normal,Female,Health and beauty,99.19,6,29.757,624.897,Credit card
82,847-38-7188,B,Normal,Female,Food and beverages,96.68,3,14.502,304.542,Ewallet
83,480-63-2856,C,Normal,Male,Food and beverages,19.25,8,7.7,161.7,Ewallet
84,787-56-0757,C,Member,Female,Food and beverages,80.36,4,16.072,337.512,Credit card
85,360-39-5055,C,Member,Male,Sports and travel,48.91,5,12.2275,256.7775,Cash
86,730-50-9884,C,Normal,Female,Sports and travel,83.06,7,29.071,610.491,Ewallet
87,362-58-8315,C,Normal,Male,Fashion accessories,76.52,5,19.13,401.73,Cash
88,633-44-8566,A,Member,Male,Food and beverages,49.38,7,17.283,362.943,Credit card
89,504-35-8843,A,Normal,Male,Sports and travel,42.47,1,2.1235,44.5935,Cash
90,318-68-5053,B,Normal,Female,Health and beauty,76.99,6,23.097,485.037,Cash
91,565-80-5980,C,Member,Female,Home and lifestyle,47.38,4,9.476,198.996,Cash
92,225-32-0908,C,Normal,Female,Sports and travel,44.86,10,22.43,471.03,Ewallet
93,873-51-0671,A,Member,Female,Sports and travel,21.98,7,7.693,161.553,Ewallet
94,152-08-9985,B,Member,Male,Health and beauty,64.36,9,28.962,608.202,Credit card
95,512-91-0811,C,Normal,Male,Health and beauty,89.75,1,4.4875,94.2375,Credit card
96,594-34-4444,A,Normal,Male,Electronic accessories,97.16,1,4.858,102.018,Ewallet
97,766-85-7061,B,Normal,Male,Health and beauty,87.87,10,43.935,922.635,Ewallet
98,871-39-9221,C,Normal,Female,Electronic accessories,12.45,6,3.735,78.435,Cash
99,865-92-6136,A,Normal,Male,Food and beverages,52.75,3,7.9125,166.1625,Ewallet
100,733-01-9107,B,Normal,Male,Home and lifestyle,82.7,6,24.81,521.01,Cash
101,163-56-7055,C,Member,Male,Fashion accessories,48.71,1,2.4355,51.1455,Cash
102,189-98-2939,C,Normal,Male,Fashion accessories,78.55,9,35.3475,742.2975,Cash
103,551-21-3069,C,Normal,Female,Electronic accessories,23.07,9,10.3815,218.0115,Cash
104,212-62-1842,A,Normal,Male,Food and beverages,58.26,6,17.478,367.038,Cash
105,716-39-1409,B,Normal,Male,Health and beauty,30.35,7,10.6225,223.0725,Cash
106,704-48-3927,A,Member,Male,Electronic accessories,88.67,10,44.335,931.035,Ewallet
107,628-34-3388,C,Normal,Male,Fashion accessories,27.38,6,8.214,172.494,Credit card
108,630-74-5166,A,Normal,Male,Sports and travel,62.13,6,18.639,391.419,Cash
109,588-01-7461,C,Normal,Female,Food and beverages,33.98,9,15.291,321.111,Cash
110,861-77-0145,C,Member,Male,Electronic accessories,81.97,10,40.985,860.685,Cash
111,479-26-8945,B,Member,Female,Sports and travel,16.49,2,1.649,34.629,Ewallet
112,210-67-5886,C,Member,Female,Health and beauty,98.21,3,14.7315,309.3615,Credit card
113,227-78-1148,B,Normal,Female,Fashion accessories,72.84,7,25.494,535.374,Cash
114,645-44-1170,A,Member,Male,Home and lifestyle,58.07,9,26.1315,548.7615,Ewallet
115,237-01-6122,C,Member,Female,Home and lifestyle,80.79,9,36.3555,763.4655,Credit card
116,225-98-1496,C,Normal,Female,Fashion accessories,27.02,3,4.053,85.113,Credit card
117,291-32-1427,B,Member,Male,Fashion accessories,21.94,5,5.485,115.185,Ewallet
118,659-65-8956,B,Member,Male,Fashion accessories,51.36,1,2.568,53.928,Ewallet
119,642-32-2990,A,Normal,Female,Food and beverages,10.96,10,5.48,115.08,Ewallet
120,378-24-2715,B,Normal,Male,Home and lifestyle,53.44,2,5.344,112.224,Ewallet
121,638-60-7125,A,Normal,Female,Electronic accessories,99.56,8,39.824,836.304,Credit card
122,659-36-1684,C,Member,Male,Sports and travel,57.12,7,19.992,419.832,Credit card
123,219-22-9386,B,Member,Male,Sports and travel,99.96,9,44.982,944.622,Credit card
124,336-78-2147,C,Member,Male,Home and lifestyle,63.91,8,25.564,536.844,Credit card
125,268-27-6179,B,Member,Female,Fashion accessories,56.47,8,22.588,474.348,Ewallet
126,668-90-8900,A,Normal,Female,Home and lifestyle,93.69,7,32.7915,688.6215,Credit card
127,870-54-3162,A,Normal,Female,Sports and travel,32.25,5,8.0625,169.3125,Cash
128,189-08-9157,C,Normal,Female,Fashion accessories,31.73,9,14.2785,299.8485,Credit card
129,663-86-9076,C,Member,Female,Food and beverages,68.54,8,27.416,575.736,Ewallet
130,549-84-7482,B,Normal,Female,Sports and travel,90.28,9,40.626,853.146,Ewallet
131,191-10-6171,B,Normal,Female,Fashion accessories,39.62,7,13.867,291.207,Cash
132,802-70-5316,A,Member,Female,Sports and travel,92.13,6,27.639,580.419,Cash
133,695-51-0018,B,Normal,Female,Sports and travel,34.84,4,6.968,146.328,Cash
134,590-83-4591,B,Member,Male,Electronic accessories,87.45,6,26.235,550.935,Credit card
135,483-71-1164,C,Normal,Female,Health and beauty,81.3,6,24.39,512.19,Ewallet
136,597-78-7908,C,Normal,Male,Fashion accessories,90.22,3,13.533,284.193,Cash
137,700-81-1757,A,Normal,Female,Electronic accessories,26.31,5,6.5775,138.1275,Credit card
138,354-39-5160,A,Member,Female,Home and lifestyle,34.42,6,10.326,216.846,Cash
139,241-72-9525,B,Normal,Male,Sports and travel,51.91,10,25.955,545.055,Cash
140,575-30-8091,A,Normal,Male,Sports and travel,72.5,8,29,609,Ewallet
141,731-81-9469,C,Member,Female,Sports and travel,89.8,10,44.9,942.9,Credit card
142,280-17-4359,C,Member,Male,Health and beauty,90.5,10,45.25,950.25,Cash
143,338-65-2210,C,Member,Female,Health and beauty,68.6,10,34.3,720.3,Cash
144,488-25-4221,C,Member,Female,Food and beverages,30.41,1,1.5205,31.9305,Credit card
145,239-10-7476,A,Normal,Female,Home and lifestyle,77.95,6,23.385,491.085,Ewallet
146,458-41-1477,C,Normal,Female,Health and beauty,46.26,6,13.878,291.438,Credit card
147,685-64-1609,A,Member,Female,Fashion accessories,30.14,10,15.07,316.47,Ewallet
148,568-90-5112,C,Normal,Male,Health and beauty,66.14,4,13.228,277.788,Credit card
149,262-47-2794,B,Member,Male,Home and lifestyle,71.86,8,28.744,603.624,Credit card
150,238-49-0436,A,Normal,Male,Health and beauty,32.46,8,12.984,272.664,Credit card
151,608-96-3517,B,Member,Female,Fashion accessories,91.54,4,18.308,384.468,Credit card
152,584-86-7256,C,Member,Male,Sports and travel,34.56,7,12.096,254.016,Credit card
153,746-94-0204,A,Normal,Male,Fashion accessories,83.24,9,37.458,786.618,Credit card
154,214-17-6927,C,Normal,Female,Food and beverages,16.48,6,4.944,103.824,Ewallet
155,400-89-4171,C,Normal,Female,Sports and travel,80.97,8,32.388,680.148,Cash
156,782-95-9291,A,Member,Male,Food and beverages,92.29,5,23.0725,484.5225,Credit card
157,279-74-2924,B,Member,Male,Electronic accessories,72.17,1,3.6085,75.7785,Cash
158,307-85-2293,B,Normal,Male,Home and lifestyle,50.28,5,12.57,263.97,Ewallet
159,743-04-1105,B,Member,Male,Health and beauty,97.22,9,43.749,918.729,Ewallet
160,423-57-2993,B,Normal,Male,Sports and travel,93.39,6,28.017,588.357,Ewallet
161,894-41-5205,C,Normal,Female,Food and beverages,43.18,8,17.272,362.712,Credit card
162,275-28-0149,A,Normal,Male,Sports and travel,63.69,1,3.1845,66.8745,Cash
163,101-17-6199,A,Normal,Male,Food and beverages,45.79,7,16.0265,336.5565,Credit card
164,423-80-0988,C,Normal,Male,Sports and travel,76.4,2,7.64,160.44,Ewallet
165,548-46-9322,B,Normal,Male,Food and beverages,39.9,10,19.95,418.95,Credit card
166,505-02-0892,B,Member,Male,Health and beauty,42.57,8,17.028,357.588,Ewallet
167,234-65-2137,C,Normal,Male,Home and lifestyle,95.58,10,47.79,1003.59,Cash
168,687-47-8271,A,Normal,Male,Fashion accessories,98.98,10,49.49,1039.29,Credit card
169,796-32-9050,A,Normal,Male,Food and beverages,51.28,6,15.384,323.064,Cash
170,105-31-1824,A,Member,Male,Sports and travel,69.52,7,24.332,510.972,Credit card
171,249-42-3782,A,Normal,Male,Health and beauty,70.01,5,17.5025,367.5525,Ewallet
172,316-55-4634,B,Member,Male,Food and beverages,80.05,5,20.0125,420.2625,Credit card
173,733-33-4967,C,Normal,Male,Electronic accessories,20.85,8,8.34,175.14,Cash
174,608-27-6295,B,Member,Male,Electronic accessories,52.89,6,15.867,333.207,Credit card
175,414-12-7047,B,Normal,Male,Food and beverages,19.79,8,7.916,166.236,Ewallet
176,827-26-2100,A,Member,Male,Home and lifestyle,33.84,9,15.228,319.788,Ewallet
177,175-54-2529,A,Member,Male,Food and beverages,22.17,8,8.868,186.228,Credit card
178,139-52-2867,C,Normal,Female,Fashion accessories,22.51,7,7.8785,165.4485,Credit card
179,407-63-8975,A,Normal,Male,Food and beverages,73.88,6,22.164,465.444,Ewallet
180,342-65-4817,C,Member,Male,Health and beauty,86.8,3,13.02,273.42,Ewallet
181,130-98-8941,C,Normal,Male,Fashion accessories,64.26,7,22.491,472.311,Cash
182,434-83-9547,C,Member,Male,Food and beverages,38.47,8,15.388,323.148,Cash
183,851-28-6367,A,Member,Male,Sports and travel,15.5,10,7.75,162.75,Ewallet
184,824-88-3614,C,Normal,Male,Health and beauty,34.31,8,13.724,288.204,Ewallet
185,586-25-0848,A,Normal,Female,Sports and travel,12.34,7,4.319,90.699,Credit card
186,895-66-0685,B,Member,Male,Food and beverages,18.08,3,2.712,56.952,Ewallet
187,305-14-0245,B,Member,Female,Home and lifestyle,94.49,8,37.796,793.716,Ewallet
188,732-04-5373,B,Member,Male,Home and lifestyle,46.47,4,9.294,195.174,Cash
189,400-60-7251,A,Normal,Male,Home and lifestyle,74.07,1,3.7035,77.7735,Ewallet
190,593-65-1552,C,Normal,Female,Home and lifestyle,69.81,4,13.962,293.202,Credit card
191,284-34-9626,B,Normal,Female,Home and lifestyle,77.04,3,11.556,242.676,Credit card
192,437-58-8131,B,Normal,Female,Fashion accessories,73.52,2,7.352,154.392,Ewallet
193,286-43-6208,C,Normal,Female,Food and beverages,87.8,9,39.51,829.71,Cash
194,641-43-2399,B,Normal,Male,Home and lifestyle,25.55,4,5.11,107.31,Ewallet
195,831-07-6050,A,Normal,Male,Electronic accessories,32.71,5,8.1775,171.7275,Credit card
196,556-86-3144,C,Member,Female,Fashion accessories,74.29,1,3.7145,78.0045,Cash
197,848-24-9445,C,Member,Male,Health and beauty,43.7,2,4.37,91.77,Cash
198,856-22-8149,A,Normal,Female,Home and lifestyle,25.29,1,1.2645,26.5545,Ewallet
199,699-01-4164,C,Normal,Male,Health and beauty,41.5,4,8.3,174.3,Credit card
200,420-11-4919,C,Member,Female,Food and beverages,71.39,5,17.8475,374.7975,Credit card
201,606-80-4905,C,Member,Female,Sports and travel,19.15,6,5.745,120.645,Credit card
202,542-41-0513,B,Member,Female,Electronic accessories,57.49,4,11.498,241.458,Cash
203,426-39-2418,C,Normal,Male,Electronic accessories,61.41,7,21.4935,451.3635,Cash
204,875-46-5808,B,Member,Male,Health and beauty,25.9,10,12.95,271.95,Ewallet
205,394-43-4238,B,Member,Male,Home and lifestyle,17.77,5,4.4425,93.2925,Credit card
206,749-24-1565,A,Normal,Female,Health and beauty,23.03,9,10.3635,217.6335,Ewallet
207,672-51-8681,C,Member,Female,Electronic accessories,66.65,9,29.9925,629.8425,Credit card
208,263-87-5680,C,Member,Female,Home and lifestyle,28.53,10,14.265,299.565,Ewallet
209,573-58-9734,B,Normal,Female,Fashion accessories,30.37,3,4.5555,95.6655,Ewallet
210,817-69-8206,B,Normal,Female,Electronic accessories,99.73,9,44.8785,942.4485,Credit card
211,888-02-0338,A,Normal,Male,Electronic accessories,26.23,9,11.8035,247.8735,Ewallet
212,677-11-0152,C,Normal,Female,Food and beverages,93.26,9,41.967,881.307,Cash
213,142-63-6033,B,Normal,Male,Home and lifestyle,92.36,5,23.09,484.89,Ewallet
214,656-16-1063,B,Normal,Male,Sports and travel,46.42,3,6.963,146.223,Credit card
215,891-58-8335,B,Member,Female,Sports and travel,29.61,7,10.3635,217.6335,Cash
216,802-43-8934,A,Normal,Male,Home and lifestyle,18.28,1,0.914,19.194,Credit card
217,560-30-5617,B,Normal,Female,Sports and travel,24.77,5,6.1925,130.0425,Cash
218,319-74-2561,A,Member,Female,Electronic accessories,94.64,3,14.196,298.116,Cash
219,549-03-9315,B,Normal,Male,Fashion accessories,94.87,8,37.948,796.908,Ewallet
220,790-29-1172,B,Normal,Female,Food and beverages,57.34,3,8.601,180.621,Credit card
221,239-36-3640,B,Normal,Male,Electronic accessories,45.35,6,13.605,285.705,Ewallet
222,468-01-2051,B,Normal,Male,Food and beverages,62.08,7,21.728,456.288,Ewallet
223,389-25-3394,C,Normal,Male,Electronic accessories,11.81,5,2.9525,62.0025,Cash
224,279-62-1445,C,Member,Female,Fashion accessories,12.54,1,0.627,13.167,Cash
225,213-72-6612,A,Normal,Male,Food and beverages,43.25,2,4.325,90.825,Cash
226,746-68-6593,C,Member,Female,Sports and travel,87.16,2,8.716,183.036,Credit card
227,836-82-5858,B,Member,Male,Health and beauty,69.37,9,31.2165,655.5465,Ewallet
228,583-72-1480,C,Member,Male,Electronic accessories,37.06,4,7.412,155.652,Ewallet
229,466-61-5506,B,Member,Female,Electronic accessories,90.7,6,27.21,571.41,Cash
230,721-86-6247,A,Normal,Female,Home and lifestyle,63.42,8,25.368,532.728,Ewallet
231,289-65-5721,B,Normal,Female,Fashion accessories,81.37,2,8.137,170.877,Cash
232,545-46-3100,B,Member,Female,Electronic accessories,10.59,3,1.5885,33.3585,Credit card
233,418-02-5978,B,Normal,Female,Health and beauty,84.09,9,37.8405,794.6505,Cash
234,269-04-5750,B,Member,Male,Fashion accessories,73.82,4,14.764,310.044,Cash
235,157-13-5295,A,Member,Male,Health and beauty,51.94,10,25.97,545.37,Ewallet
236,645-78-8093,A,Normal,Female,Sports and travel,93.14,2,9.314,195.594,Ewallet
237,211-30-9270,C,Normal,Male,Health and beauty,17.41,5,4.3525,91.4025,Credit card
238,755-12-3214,C,Member,Female,Fashion accessories,44.22,5,11.055,232.155,Credit card
239,346-84-3103,B,Member,Female,Electronic accessories,13.22,5,3.305,69.405,Cash
240,478-06-7835,A,Normal,Male,Fashion accessories,89.69,1,4.4845,94.1745,Ewallet
241,540-11-4336,A,Normal,Male,Food and beverages,24.94,9,11.223,235.683,Credit card
242,448-81-5016,A,Normal,Male,Health and beauty,59.77,2,5.977,125.517,Credit card
243,142-72-4741,C,Member,Male,Fashion accessories,93.2,2,9.32,195.72,Credit card
244,217-58-1179,A,Member,Male,Home and lifestyle,62.65,4,12.53,263.13,Cash
245,376-02-8238,B,Normal,Male,Home and lifestyle,93.87,8,37.548,788.508,Credit card
246,530-90-9855,A,Member,Male,Home and lifestyle,47.59,8,19.036,399.756,Cash
247,866-05-7563,B,Member,Female,Electronic accessories,81.4,3,12.21,256.41,Cash
248,604-70-6476,A,Member,Male,Fashion accessories,17.94,5,4.485,94.185,Ewallet
249,799-71-1548,A,Member,Male,Electronic accessories,77.72,4,15.544,326.424,Credit card
250,785-13-7708,B,Normal,Male,Food and beverages,73.06,7,25.571,536.991,Credit card
251,845-51-0542,B,Member,Male,Food and beverages,46.55,9,20.9475,439.8975,Ewallet
252,662-47-5456,C,Member,Male,Fashion accessories,35.19,10,17.595,369.495,Credit card
253,883-17-4236,C,Normal,Female,Sports and travel,14.39,2,1.439,30.219,Credit card
254,290-68-2984,A,Normal,Male,Home and lifestyle,23.75,4,4.75,99.75,Cash
255,704-11-6354,A,Member,Male,Home and lifestyle,58.9,8,23.56,494.76,Cash
256,110-48-7033,B,Member,Male,Fashion accessories,32.62,4,6.524,137.004,Cash
257,366-93-0948,A,Member,Male,Electronic accessories,66.35,1,3.3175,69.6675,Credit card
258,729-09-9681,A,Member,Male,Home and lifestyle,25.91,6,7.773,163.233,Ewallet
259,151-16-1484,A,Member,Male,Electronic accessories,32.25,4,6.45,135.45,Ewallet
260,380-94-4661,C,Member,Male,Electronic accessories,65.94,4,13.188,276.948,Credit card
261,850-41-9669,A,Normal,Female,Electronic accessories,75.06,9,33.777,709.317,Ewallet
262,821-07-3596,C,Normal,Female,Fashion accessories,16.45,4,3.29,69.09,Ewallet
263,655-85-5130,B,Member,Female,Fashion accessories,38.3,4,7.66,160.86,Cash
264,447-15-7839,A,Member,Female,Sports and travel,22.24,10,11.12,233.52,Cash
265,154-74-7179,B,Normal,Male,Sports and travel,54.45,1,2.7225,57.1725,Ewallet
266,253-12-6086,A,Member,Female,Sports and travel,98.4,7,34.44,723.24,Credit card
267,808-65-0703,C,Normal,Male,Home and lifestyle,35.47,4,7.094,148.974,Credit card
268,571-94-0759,B,Member,Female,Food and beverages,74.6,10,37.3,783.3,Cash
269,144-51-6085,A,Member,Male,Home and lifestyle,70.74,4,14.148,297.108,Credit card
270,731-14-2199,A,Member,Female,Home and lifestyle,35.54,10,17.77,373.17,Ewallet
271,783-09-1637,B,Normal,Female,Sports and travel,67.43,5,16.8575,354.0075,Ewallet
272,687-15-1097,C,Member,Female,Health and beauty,21.12,2,2.112,44.352,Cash
273,126-54-1082,A,Member,Female,Home and lifestyle,21.54,9,9.693,203.553,Credit card
274,633-91-1052,A,Normal,Female,Home and lifestyle,12.03,2,1.203,25.263,Cash
275,477-24-6490,B,Normal,Female,Health and beauty,99.71,6,29.913,628.173,Ewallet
276,566-19-5475,B,Normal,Male,Fashion accessories,47.97,7,16.7895,352.5795,Cash
277,526-86-8552,C,Member,Female,Home and lifestyle,21.82,10,10.91,229.11,Cash
278,376-56-3573,C,Normal,Female,Fashion accessories,95.42,4,19.084,400.764,Ewallet
279,537-72-0426,C,Member,Male,Fashion accessories,70.99,10,35.495,745.395,Cash
280,828-61-5674,A,Member,Male,Sports and travel,44.02,10,22.01,462.21,Credit card
281,136-08-6195,A,Normal,Female,Home and lifestyle,69.96,8,27.984,587.664,Credit card
282,523-38-0215,C,Normal,Male,Home and lifestyle,37,1,1.85,38.85,Credit card
283,490-29-1201,A,Normal,Female,Sports and travel,15.34,1,0.767,16.107,Cash
284,667-92-0055,A,Member,Male,Health and beauty,99.83,6,29.949,628.929,Ewallet
285,565-17-3836,A,Member,Female,Health and beauty,47.67,4,9.534,200.214,Cash
286,498-41-1961,B,Normal,Male,Health and beauty,66.68,5,16.67,350.07,Cash
287,593-95-4461,C,Member,Male,Home and lifestyle,74.86,1,3.743,78.603,Cash
288,226-71-3580,C,Normal,Female,Sports and travel,23.75,9,10.6875,224.4375,Cash
289,283-79-9594,B,Normal,Female,Food and beverages,48.51,7,16.9785,356.5485,Credit card
290,430-60-3493,A,Member,Female,Home and lifestyle,94.88,7,33.208,697.368,Cash
291,139-20-0155,B,Member,Male,Electronic accessories,40.3,10,20.15,423.15,Credit card
292,558-80-4082,C,Normal,Male,Electronic accessories,27.85,7,9.7475,204.6975,Ewallet
293,278-97-7759,A,Member,Female,Electronic accessories,62.48,1,3.124,65.604,Cash
294,316-68-6352,A,Member,Female,Food and beverages,36.36,2,3.636,76.356,Cash
295,585-03-5943,B,Normal,Male,Health and beauty,18.11,10,9.055,190.155,Ewallet
296,211-05-0490,C,Member,Female,Electronic accessories,51.92,5,12.98,272.58,Cash
297,727-75-6477,C,Normal,Male,Electronic accessories,28.84,4,5.768,121.128,Cash
298,744-02-5987,A,Member,Male,Home and lifestyle,78.38,6,23.514,493.794,Ewallet
299,307-83-9164,A,Member,Male,Home and lifestyle,60.01,4,12.002,252.042,Cash
300,779-06-0012,C,Member,Female,Home and lifestyle,88.61,1,4.4305,93.0405,Cash
301,446-47-6729,C,Normal,Male,Fashion accessories,99.82,2,9.982,209.622,Credit card
302,573-10-3877,B,Member,Male,Health and beauty,39.01,1,1.9505,40.9605,Credit card
303,735-06-4124,C,Normal,Male,Food and beverages,48.61,1,2.4305,51.0405,Cash
304,439-54-7422,A,Normal,Female,Electronic accessories,51.19,4,10.238,214.998,Credit card
305,396-90-2219,B,Normal,Female,Electronic accessories,14.96,8,5.984,125.664,Cash
306,411-77-0180,A,Member,Male,Electronic accessories,72.2,7,25.27,530.67,Ewallet
307,286-01-5402,A,Normal,Female,Sports and travel,40.23,7,14.0805,295.6905,Cash
308,803-17-8013,A,Member,Female,Home and lifestyle,88.79,8,35.516,745.836,Cash
309,512-98-1403,A,Member,Female,Electronic accessories,26.48,3,3.972,83.412,Ewallet
310,848-42-2560,A,Normal,Female,Fashion accessories,81.91,2,8.191,172.011,Cash
311,532-59-7201,B,Member,Male,Sports and travel,79.93,6,23.979,503.559,Cash
312,181-94-6432,C,Member,Male,Fashion accessories,69.33,2,6.933,145.593,Ewallet
313,870-76-1733,A,Member,Female,Food and beverages,14.23,5,3.5575,74.7075,Credit card
314,423-64-4619,A,Member,Female,Health and beauty,15.55,9,6.9975,146.9475,Cash
315,227-07-4446,C,Member,Female,Electronic accessories,78.13,10,39.065,820.365,Cash
316,174-36-3675,C,Member,Male,Food and beverages,99.37,2,9.937,208.677,Cash
317,428-83-5800,C,Member,Female,Food and beverages,21.08,3,3.162,66.402,Cash
318,603-07-0961,C,Member,Male,Electronic accessories,74.79,5,18.6975,392.6475,Cash
319,704-20-4138,C,Member,Female,Health and beauty,29.67,7,10.3845,218.0745,Credit card
320,787-15-1757,C,Member,Male,Health and beauty,44.07,4,8.814,185.094,Ewallet
321,649-11-3678,C,Normal,Female,Food and beverages,22.93,9,10.3185,216.6885,Cash
322,622-20-1945,C,Normal,Female,Health and beauty,39.42,1,1.971,41.391,Cash
323,372-94-8041,A,Normal,Male,Health and beauty,15.26,6,4.578,96.138,Ewallet
324,563-91-7120,A,Normal,Female,Fashion accessories,61.77,5,15.4425,324.2925,Cash
325,746-54-5508,A,Normal,Male,Home and lifestyle,21.52,6,6.456,135.576,Credit card
326,276-54-0879,B,Normal,Male,Sports and travel,97.74,4,19.548,410.508,Ewallet
327,815-11-1168,A,Member,Male,Food and beverages,99.78,5,24.945,523.845,Cash
328,719-76-3868,C,Member,Male,Food and beverages,94.26,4,18.852,395.892,Cash
329,730-61-8757,B,Member,Male,Health and beauty,51.13,4,10.226,214.746,Credit card
330,340-66-0321,A,Member,Male,Electronic accessories,36.36,4,7.272,152.712,Cash
331,868-81-1752,B,Normal,Male,Home and lifestyle,22.02,9,9.909,208.089,Cash
332,634-97-8956,A,Normal,Male,Food and beverages,32.9,3,4.935,103.635,Credit card
333,566-71-1091,A,Normal,Male,Fashion accessories,77.02,5,19.255,404.355,Cash
334,442-48-3607,A,Member,Male,Food and beverages,23.48,2,2.348,49.308,Credit card
335,835-16-0096,C,Member,Male,Sports and travel,14.7,5,3.675,77.175,Ewallet
336,527-09-6272,A,Member,Female,Electronic accessories,28.45,5,7.1125,149.3625,Credit card
337,898-04-2717,A,Normal,Male,Fashion accessories,76.4,9,34.38,721.98,Ewallet
338,692-27-8933,B,Normal,Female,Sports and travel,57.95,6,17.385,365.085,Cash
339,633-09-3463,C,Normal,Female,Electronic accessories,47.65,3,7.1475,150.0975,Credit card
340,374-17-3652,B,Member,Female,Food and beverages,42.82,9,19.269,404.649,Credit card
341,378-07-7001,B,Member,Male,Electronic accessories,48.09,3,7.2135,151.4835,Credit card
342,433-75-6987,B,Member,Female,Health and beauty,55.97,7,19.5895,411.3795,Ewallet
343,873-95-4984,B,Member,Female,Health and beauty,76.9,7,26.915,565.215,Cash
344,416-13-5917,C,Normal,Female,Food and beverages,97.03,5,24.2575,509.4075,Ewallet
345,150-89-8043,A,Normal,Male,Sports and travel,44.65,3,6.6975,140.6475,Cash
346,135-84-8019,A,Normal,Female,Fashion accessories,77.93,9,35.0685,736.4385,Ewallet
347,441-94-7118,A,Member,Male,Electronic accessories,71.95,1,3.5975,75.5475,Cash
348,725-96-3778,C,Member,Female,Home and lifestyle,89.25,8,35.7,749.7,Cash
349,531-80-1784,A,Normal,Male,Electronic accessories,26.02,7,9.107,191.247,Cash
350,400-45-1220,B,Normal,Female,Health and beauty,13.5,10,6.75,141.75,Credit card
351,860-79-0874,C,Member,Female,Fashion accessories,99.3,10,49.65,1042.65,Credit card
352,834-61-8124,A,Normal,Male,Electronic accessories,51.69,7,18.0915,379.9215,Cash
353,115-99-4379,B,Member,Female,Fashion accessories,54.73,7,19.1555,402.2655,Credit card
354,565-67-6697,B,Member,Male,Home and lifestyle,27,9,12.15,255.15,Cash
355,320-49-6392,C,Normal,Female,Electronic accessories,30.24,1,1.512,31.752,Cash
356,889-04-9723,B,Member,Female,Food and beverages,89.14,4,17.828,374.388,Credit card
357,632-90-0281,C,Normal,Female,Fashion accessories,37.55,10,18.775,394.275,Credit card
358,554-42-2417,C,Normal,Female,Sports and travel,95.44,10,47.72,1002.12,Cash
359,453-63-6187,B,Normal,Male,Electronic accessories,27.5,3,4.125,86.625,Ewallet
360,578-80-7669,B,Normal,Male,Sports and travel,74.97,1,3.7485,78.7185,Cash
361,612-36-5536,A,Member,Male,Food and beverages,80.96,8,32.384,680.064,Credit card
362,605-72-4132,C,Normal,Female,Food and beverages,94.47,8,37.788,793.548,Cash
363,471-41-2823,C,Normal,Male,Food and beverages,99.79,2,9.979,209.559,Ewallet
364,462-67-9126,A,Normal,Male,Home and lifestyle,73.22,6,21.966,461.286,Cash
365,272-27-9238,C,Normal,Female,Food and beverages,41.24,4,8.248,173.208,Cash
366,834-25-9262,C,Normal,Female,Fashion accessories,81.68,4,16.336,343.056,Cash
367,122-61-9553,C,Normal,Female,Electronic accessories,51.32,9,23.094,484.974,Cash
368,468-88-0009,A,Member,Male,Home and lifestyle,65.94,4,13.188,276.948,Cash
369,613-59-9758,C,Normal,Female,Sports and travel,14.36,10,7.18,150.78,Cash
370,254-31-0042,A,Member,Male,Electronic accessories,21.5,9,9.675,203.175,Credit card
371,201-86-2184,B,Member,Female,Electronic accessories,26.26,7,9.191,193.011,Cash
372,261-12-8671,B,Normal,Female,Fashion accessories,60.96,2,6.096,128.016,Credit card
373,730-70-9830,C,Normal,Female,Home and lifestyle,70.11,6,21.033,441.693,Ewallet
374,382-25-8917,C,Normal,Male,Fashion accessories,42.08,6,12.624,265.104,Cash
375,422-29-8786,A,Normal,Female,Home and lifestyle,67.09,5,16.7725,352.2225,Credit card
376,667-23-5919,A,Member,Female,Fashion accessories,96.7,5,24.175,507.675,Ewallet
377,843-01-4703,B,Member,Female,Home and lifestyle,35.38,9,15.921,334.341,Credit card
378,743-88-1662,C,Normal,Male,Sports and travel,95.49,7,33.4215,701.8515,Ewallet
379,595-86-2894,C,Member,Male,Fashion accessories,96.98,4,19.396,407.316,Ewallet
380,182-69-8360,B,Normal,Female,Electronic accessories,23.65,4,4.73,99.33,Credit card
381,289-15-7034,A,Member,Male,Sports and travel,82.33,4,16.466,345.786,Credit card
382,462-78-5240,C,Normal,Female,Electronic accessories,26.61,2,2.661,55.881,Cash
383,868-52-7573,B,Normal,Female,Food and beverages,99.69,5,24.9225,523.3725,Cash
384,153-58-4872,C,Member,Female,Food and beverages,74.89,4,14.978,314.538,Ewallet
385,662-72-2873,A,Normal,Female,Food and beverages,40.94,5,10.235,214.935,Ewallet
386,525-88-7307,B,Member,Male,Sports and travel,75.82,1,3.791,79.611,Cash
387,689-16-9784,C,Normal,Male,Food and beverages,46.77,6,14.031,294.651,Cash
388,725-56-0833,A,Normal,Female,Health and beauty,32.32,10,16.16,339.36,Credit card
389,394-41-0748,C,Member,Female,Fashion accessories,54.07,9,24.3315,510.9615,Ewallet
390,596-42-3999,B,Normal,Male,Food and beverages,18.22,7,6.377,133.917,Credit card
391,541-89-9860,C,Member,Female,Fashion accessories,80.48,3,12.072,253.512,Cash
392,173-82-9529,B,Normal,Female,Fashion accessories,37.95,10,18.975,398.475,Cash
393,563-36-9814,A,Member,Male,Electronic accessories,76.82,1,3.841,80.661,Ewallet
394,308-47-4913,A,Member,Female,Sports and travel,52.26,10,26.13,548.73,Credit card
395,885-17-6250,A,Normal,Female,Health and beauty,79.74,1,3.987,83.727,Ewallet
396,726-27-2396,A,Normal,Female,Health and beauty,77.5,5,19.375,406.875,Ewallet
397,316-01-3952,A,Normal,Female,Food and beverages,54.27,5,13.5675,284.9175,Ewallet
398,760-54-1821,B,Normal,Male,Home and lifestyle,13.59,9,6.1155,128.4255,Cash
399,793-10-3222,B,Member,Female,Health and beauty,41.06,6,12.318,258.678,Credit card
400,346-12-3257,B,Member,Male,Electronic accessories,19.24,9,8.658,181.818,Cash
401,110-05-6330,C,Normal,Female,Food and beverages,39.43,6,11.829,248.409,Credit card
402,651-61-0874,C,Normal,Male,Home and lifestyle,46.22,4,9.244,194.124,Credit card
403,236-86-3015,C,Member,Male,Home and lifestyle,13.98,1,0.699,14.679,Ewallet
404,831-64-0259,B,Normal,Female,Fashion accessories,39.75,5,9.9375,208.6875,Ewallet
405,587-03-7455,C,Member,Female,Fashion accessories,97.79,7,34.2265,718.7565,Ewallet
406,882-40-4577,A,Member,Male,Sports and travel,67.26,4,13.452,282.492,Credit card
407,732-67-5346,A,Normal,Male,Food and beverages,13.79,5,3.4475,72.3975,Credit card
408,725-32-9708,B,Member,Female,Fashion accessories,68.71,4,13.742,288.582,Cash
409,256-08-8343,A,Normal,Female,Home and lifestyle,56.53,4,11.306,237.426,Ewallet
410,372-26-1506,C,Normal,Female,Fashion accessories,23.82,5,5.955,125.055,Ewallet
411,244-08-0162,B,Normal,Female,Health and beauty,34.21,10,17.105,359.205,Cash
412,569-71-4390,B,Normal,Male,Sports and travel,21.87,2,2.187,45.927,Ewallet
413,132-23-6451,A,Member,Male,Health and beauty,20.97,5,5.2425,110.0925,Cash
414,696-90-2548,A,Normal,Male,Sports and travel,25.84,3,3.876,81.396,Ewallet
415,472-15-9636,A,Normal,Male,Home and lifestyle,50.93,8,20.372,427.812,Ewallet
416,268-03-6164,B,Normal,Male,Health and beauty,96.11,1,4.8055,100.9155,Ewallet
417,750-57-9686,C,Normal,Female,Home and lifestyle,45.38,4,9.076,190.596,Credit card
418,186-09-3669,C,Member,Female,Health and beauty,81.51,1,4.0755,85.5855,Ewallet
419,848-07-1692,B,Normal,Female,Health and beauty,57.22,2,5.722,120.162,Ewallet
420,745-71-3520,A,Member,Female,Electronic accessories,25.22,7,8.827,185.367,Cash
421,266-76-6436,C,Member,Female,Food and beverages,38.6,3,5.79,121.59,Ewallet
422,740-22-2500,C,Normal,Female,Electronic accessories,84.05,3,12.6075,264.7575,Cash
423,271-88-8734,C,Member,Female,Fashion accessories,97.21,10,48.605,1020.705,Credit card
424,301-81-8610,B,Member,Male,Fashion accessories,25.42,8,10.168,213.528,Credit card
425,489-64-4354,C,Normal,Male,Fashion accessories,16.28,1,0.814,17.094,Cash
426,198-84-7132,B,Member,Male,Fashion accessories,40.61,9,18.2745,383.7645,Cash
427,269-10-8440,A,Member,Male,Health and beauty,53.17,7,18.6095,390.7995,Cash
428,650-98-6268,B,Member,Female,Food and beverages,20.87,3,3.1305,65.7405,Credit card
429,741-73-3559,B,Normal,Male,Sports and travel,67.27,5,16.8175,353.1675,Cash
430,325-77-6186,A,Member,Female,Home and lifestyle,90.65,10,45.325,951.825,Ewallet
431,286-75-7818,B,Normal,Male,Fashion accessories,69.08,2,6.908,145.068,Credit card
432,574-57-9721,C,Normal,Male,Food and beverages,43.27,2,4.327,90.867,Ewallet
433,459-50-7686,A,Normal,Female,Electronic accessories,23.46,6,7.038,147.798,Ewallet
434,616-87-0016,B,Normal,Male,Fashion accessories,95.54,7,33.439,702.219,Credit card
435,837-55-7229,B,Normal,Female,Fashion accessories,47.44,1,2.372,49.812,Credit card
436,751-69-0068,C,Normal,Male,Sports and travel,99.24,9,44.658,937.818,Ewallet
437,257-73-1380,C,Member,Male,Sports and travel,82.93,4,16.586,348.306,Ewallet
438,345-08-4992,A,Normal,Male,Home and lifestyle,33.99,6,10.197,214.137,Credit card
439,549-96-4200,C,Member,Male,Food and beverages,17.04,4,3.408,71.568,Ewallet
440,810-60-6344,C,Normal,Female,Electronic accessories,40.86,8,16.344,343.224,Credit card
441,450-28-2866,C,Member,Male,Food and beverages,17.44,5,4.36,91.56,Cash
442,394-30-3170,B,Member,Female,Sports and travel,88.43,8,35.372,742.812,Credit card
443,138-17-5109,A,Member,Female,Home and lifestyle,89.21,9,40.1445,843.0345,Credit card
444,192-98-7397,C,Normal,Male,Fashion accessories,12.78,1,0.639,13.419,Ewallet
445,301-11-9629,A,Normal,Female,Sports and travel,19.1,7,6.685,140.385,Cash
446,390-80-5128,B,Member,Female,Health and beauty,19.15,1,0.9575,20.1075,Credit card
447,235-46-8343,C,Member,Male,Food and beverages,27.66,10,13.83,290.43,Credit card
448,453-12-7053,C,Normal,Male,Fashion accessories,45.74,3,6.861,144.081,Credit card
449,296-11-7041,B,Member,Female,Health and beauty,27.07,1,1.3535,28.4235,Credit card
450,449-27-2918,B,Member,Female,Sports and travel,39.12,1,1.956,41.076,Credit card
451,891-01-7034,B,Normal,Female,Electronic accessories,74.71,6,22.413,470.673,Cash
452,744-09-5786,B,Normal,Male,Electronic accessories,22.01,6,6.603,138.663,Cash
453,727-17-0390,A,Normal,Female,Food and beverages,63.61,5,15.9025,333.9525,Ewallet
454,568-88-3448,A,Normal,Male,Health and beauty,25,1,1.25,26.25,Ewallet
455,187-83-5490,A,Member,Male,Electronic accessories,20.77,4,4.154,87.234,Cash
456,767-54-1907,B,Member,Female,Fashion accessories,29.56,5,7.39,155.19,Cash
457,710-46-4433,B,Member,Female,Food and beverages,77.4,9,34.83,731.43,Credit card
458,533-33-5337,B,Normal,Male,Electronic accessories,79.39,10,39.695,833.595,Cash
459,325-90-8763,C,Member,Female,Electronic accessories,46.57,10,23.285,488.985,Cash
460,729-46-7422,C,Normal,Male,Food and beverages,35.89,1,1.7945,37.6845,Credit card
461,639-76-1242,C,Normal,Male,Food and beverages,40.52,5,10.13,212.73,Cash
462,234-03-4040,B,Member,Female,Food and beverages,73.05,10,36.525,767.025,Credit card
463,326-71-2155,C,Normal,Female,Sports and travel,73.95,4,14.79,310.59,Cash
464,320-32-8842,C,Member,Female,Food and beverages,22.62,1,1.131,23.751,Cash
465,470-32-9057,A,Member,Male,Food and beverages,51.34,5,12.835,269.535,Credit card
466,878-30-2331,C,Member,Female,Sports and travel,54.55,10,27.275,572.775,Credit card
467,440-59-5691,C,Member,Female,Health and beauty,37.15,7,13.0025,273.0525,Credit card
468,554-53-3790,B,Normal,Male,Sports and travel,37.02,6,11.106,233.226,Cash
469,746-19-0921,C,Normal,Male,Food and beverages,21.58,1,1.079,22.659,Ewallet
470,233-34-0817,C,Member,Female,Electronic accessories,98.84,1,4.942,103.782,Cash
471,767-05-1286,C,Member,Female,Home and lifestyle,83.77,6,25.131,527.751,Ewallet
472,340-21-9136,A,Member,Female,Sports and travel,40.05,4,8.01,168.21,Cash
473,405-31-3305,A,Member,Male,Fashion accessories,43.13,10,21.565,452.865,Credit card
474,731-59-7531,B,Member,Male,Health and beauty,72.57,8,29.028,609.588,Cash
475,676-39-6028,A,Member,Female,Electronic accessories,64.44,5,16.11,338.31,Cash
476,502-05-1910,A,Normal,Male,Health and beauty,65.18,3,9.777,205.317,Credit card
477,485-30-8700,A,Normal,Female,Sports and travel,33.26,5,8.315,174.615,Credit card
478,598-47-9715,C,Normal,Male,Electronic accessories,84.07,4,16.814,353.094,Ewallet
479,701-69-8742,B,Normal,Male,Sports and travel,34.37,10,17.185,360.885,Ewallet
480,575-67-1508,A,Normal,Male,Electronic accessories,38.6,1,1.93,40.53,Ewallet
481,541-08-3113,C,Normal,Male,Food and beverages,65.97,8,26.388,554.148,Cash
482,246-11-3901,C,Normal,Female,Electronic accessories,32.8,10,16.4,344.4,Cash
483,674-15-9296,A,Normal,Male,Sports and travel,37.14,5,9.285,194.985,Ewallet
484,305-18-3552,B,Member,Male,Home and lifestyle,60.38,10,30.19,633.99,Cash
485,493-65-6248,C,Member,Female,Sports and travel,36.98,10,18.49,388.29,Credit card
486,438-01-4015,B,Member,Female,Sports and travel,49.49,4,9.898,207.858,Ewallet
487,709-58-4068,B,Normal,Female,Fashion accessories,41.09,10,20.545,431.445,Cash
488,795-49-7276,A,Normal,Male,Fashion accessories,37.15,4,7.43,156.03,Ewallet
489,556-72-8512,C,Normal,Male,Home and lifestyle,22.96,1,1.148,24.108,Cash
490,627-95-3243,B,Member,Female,Home and lifestyle,77.68,9,34.956,734.076,Ewallet
491,686-41-0932,B,Normal,Female,Fashion accessories,34.7,2,3.47,72.87,Ewallet
492,510-09-5628,A,Member,Female,Fashion accessories,19.66,10,9.83,206.43,Credit card
493,608-04-3797,B,Member,Female,Health and beauty,25.32,8,10.128,212.688,Ewallet
494,148-82-2527,C,Member,Female,Home and lifestyle,12.12,10,6.06,127.26,Credit card
495,437-53-3084,B,Normal,Male,Fashion accessories,99.89,2,9.989,209.769,Ewallet
496,632-32-4574,B,Normal,Male,Sports and travel,75.92,8,30.368,637.728,Cash
497,556-97-7101,C,Normal,Female,Electronic accessories,63.22,2,6.322,132.762,Cash
498,862-59-8517,C,Normal,Female,Food and beverages,90.24,6,27.072,568.512,Cash
499,401-18-8016,B,Member,Female,Sports and travel,98.13,1,4.9065,103.0365,Cash
500,849-09-3807,A,Member,Female,Fashion accessories,88.34,7,30.919,649.299,Cash
